{"swap_obj": 0.6122448979591837, "replace_obj": 0.9073849878934624, "add_obj": 0.7701260911736179, "add_att": 0.6950867052023122, "replace_att": 0.8032994923857868, "replace_rel": 0.6941678520625889, "swap_att": 0.6411411411411412}