{
    "add_obj": 0.9238603297769156,
    "add_att": 0.9335260115606936,
    "replace_obj": 0.9309927360774818,
    "replace_att": 0.8883248730964467,
    "replace_rel": 0.7901849217638691,
    "swap_obj": 0.7306122448979592,
    "swap_att": 0.7702702702702703
}