{"swap_obj": 0.6, "replace_att": 0.5253807106598984, "replace_rel": 0.5604551920341394, "add_obj": 0.43743937924345294, "swap_att": 0.6546546546546547, "add_att": 0.48554913294797686, "replace_obj": 0.6035108958837773}