{
    "add_obj": 0.2259475218658892,
    "add_att": 0.39652677279305354,
    "replace_obj": 0.48787878787878786,
    "replace_att": 0.46946564885496184,
    "replace_rel": 0.5459074733096085,
    "swap_obj": 0.4775510204081633,
    "swap_att": 0.4519519519519519
}