{
    "add_obj": 0.7449078564500485,
    "add_att": 0.6979768786127167,
    "replace_obj": 0.9176755447941889,
    "replace_att": 0.8058375634517766,
    "replace_rel": 0.6991465149359887,
    "swap_obj": 0.6204081632653061,
    "swap_att": 0.6846846846846847
}