{
    "add_obj": 0.8734238603297769,
    "add_att": 0.7991329479768786,
    "replace_obj": 0.9285714285714286,
    "replace_att": 0.8489847715736041,
    "replace_rel": 0.7240398293029872,
    "swap_obj": 0.6285714285714286,
    "swap_att": 0.7102102102102102
}