{"swap_obj": 35.91836734693877, "replace_obj": 49.69733656174334, "add_obj": 63.91852570320078, "add_att": 83.52601156069365, "replace_att": 18.654822335025383, "replace_rel": 49.92887624466572, "swap_att": 18.76876876876877}