{"swap_obj": 0.332868797297065, "replace_obj": 0.3413557879734735, "add_obj": 0.33985586000012513, "add_att": 0.35006462724263937, "replace_att": 0.34656217500371406, "replace_rel": 0.34360929276216207, "swap_att": 0.3395538058724284}
