{"swap_obj": 0.019472079845784092, "replace_obj": 0.04173358449144736, "add_obj": 0.011097178920636537, "add_att": 0.015996174585293885, "replace_att": 0.005757821744764863, "replace_rel": 0.03373311859441862, "swap_att": 0.008106421698310865}