{"replace_rel": 50.07102272727273, "swap_obj": 46.09375, "replace_obj": 49.15865384615385, "add_att": 48.79261363636363, "swap_att": 49.62797619047619, "replace_att": 49.25, "add_obj": 50.26647286821706}