{
    "add_obj": 0.5106692531522793,
    "add_att": 0.5144508670520231,
    "replace_obj": 0.5145278450363197,
    "replace_att": 0.5088832487309645,
    "replace_rel": 0.5106685633001422,
    "swap_obj": 0.5020408163265306,
    "swap_att": 0.512012012012012
}