{
    "add_obj": 0.8433559650824443,
    "add_att": 0.7861271676300579,
    "replace_obj": 0.9267554479418886,
    "replace_att": 0.7982233502538071,
    "replace_rel": 0.6394025604551921,
    "swap_obj": 0.563265306122449,
    "swap_att": 0.5765765765765766
}